{
  "true color": {
    "red": [
      0,
      0.000009495594044363415,
      0.000009495594044363415,
      0.00002848678213309024,
      0.00005697356426618048,
      0.00011394712853236095,
      0.0002278942570647219,
      0.00043679732604071705,
      0.000826116681859617,
      0.0015382862351868728,
      0.002801200243087207,
      0.004890230932847158,
      0.008166210878152535,
      0.013198875721665147,
      0.019750835612275898,
      0.03067076876329383,
      0.04776283804314797,
      0.06741871771498023,
      0.08185202066241262,
      0.09058796718322697,
      0.09448116074141596,
      0.09448116074141596,
      0.0903980553023397,
      0.0826116681859617,
      0.07188164691583104,
      0.05991719841993314,
      0.04776283804314797,
      0.036178213309024605,
      0.025163324217563048,
      0.016617289577635974,
      0.010160285627468853
    ],
    "green": [
      0.00018308814778875287,
      0.0004119483325246939,
      0.0008513598872177008,
      0.001693565367045964,
      0.003249814623250363,
      0.00590459276618728,
      0.009978304054487032,
      0.01611175700541025,
      0.024716899951481637,
      0.03597682104048994,
      0.049983064346329535,
      0.06627790949952854,
      0.07891099169695248,
      0.08733304649523511,
      0.09108635352490455,
      0.09108635352490455,
      0.08714995834744636,
      0.0796433442881075,
      0.06929886393804296,
      0.05776431062735153,
      0.046046669168871346,
      0.03487829215375742,
      0.024259179582009755,
      0.016020212931515874,
      0.009795215906698278,
      0.005584188507556962,
      0.002929410364620046,
      0.0015562492562043995,
      0.0007506614059338868,
      0.0003753307029669434,
      0.0001922425551781905
    ],
    "blue": [
      0.008157380532316506,
      0.013184603418511564,
      0.019729478496765502,
      0.030637603627188738,
      0.047711190787851195,
      0.06734581602261301,
      0.08176351184717243,
      0.090490011951511,
      0.0943789956936619,
      0.0943789956936619,
      0.09030030542750364,
      0.08252233794320186,
      0.071803919336786,
      0.05985240832432227,
      0.047711190787851195,
      0.0361390928234022,
      0.02513611443097528,
      0.016599320850644052,
      0.010149299034393792,
      0.005786048982224498,
      0.0030353043841177697,
      0.0016125054540625653,
      0.0007777967484301786,
      0.0003888983742150893,
      0.00019919185020772864,
      0.00010433858820404834,
      0.00005691195720220818,
      0.00002845597860110409,
      0.00000948532620036803,
      0.00000948532620036803,
      0
    ]
  },
  "test430": {
    "red": [
      0,
      0,
      0,
      1,
      0,
      0,
      0,
      0,
      0,
      0,
      0,
      0,
      0,
      0,
      0,
      0,
      0,
      0,
      0,
      0,
      0,
      0,
      0,
      0,
      0,
      0,
      0,
      0,
      0,
      0,
      0
    ],
    "green": [
      0,
      0,
      0,
      1,
      0,
      0,
      0,
      0,
      0,
      0,
      0,
      0,
      0,
      0,
      0,
      0,
      0,
      0,
      0,
      0,
      0,
      0,
      0,
      0,
      0,
      0,
      0,
      0,
      0,
      0,
      0
    ],
    "blue": [
      0,
      0,
      0,
      1,
      0,
      0,
      0,
      0,
      0,
      0,
      0,
      0,
      0,
      0,
      0,
      0,
      0,
      0,
      0,
      0,
      0,
      0,
      0,
      0,
      0,
      0,
      0,
      0,
      0,
      0,
      0
    ]
  },
  "pigment_analysis": {
    "red": [
      0.07692307692307693,
      0.07692307692307693,
      0.07692307692307693,
      0.06923076923076923,
      0.06153846153846154,
      0.05384615384615384,
      0.04615384615384615,
      0.038461538461538464,
      0.03076923076923077,
      0.023076923076923075,
      0.015384615384615385,
      0.007692307692307693,
      0,
      0,
      0,
      0,
      0,
      0,
      0,
      0,
      0,
      0.007692307692307693,
      0.015384615384615385,
      0.023076923076923075,
      0.03076923076923077,
      0.038461538461538464,
      0.04615384615384615,
      0.05384615384615384,
      0.06153846153846154,
      0.06923076923076923,
      0.07692307692307693
    ],
    "green": [
      0,
      0,
      0,
      0,
      0.008333333333333333,
      0.016666666666666666,
      0.024999999999999998,
      0.03333333333333333,
      0.041666666666666664,
      0.049999999999999996,
      0.05833333333333333,
      0.06666666666666667,
      0.075,
      0.08333333333333333,
      0.08333333333333333,
      0.08333333333333333,
      0.075,
      0.06666666666666667,
      0.05833333333333333,
      0.049999999999999996,
      0.041666666666666664,
      0.03333333333333333,
      0.024999999999999998,
      0.016666666666666666,
      0.008333333333333333,
      0,
      0,
      0,
      0,
      0,
      0
    ],
    "blue": [
      0.06451612903225806,
      0.05806451612903226,
      0.05161290322580645,
      0.04516129032258064,
      0.03870967741935484,
      0.03225806451612903,
      0.025806451612903226,
      0.01935483870967742,
      0.012903225806451613,
      0.0064516129032258064,
      0,
      0,
      0,
      0,
      0,
      0.0064516129032258064,
      0.012903225806451613,
      0.01935483870967742,
      0.025806451612903226,
      0.03225806451612903,
      0.03870967741935484,
      0.04516129032258064,
      0.05161290322580645,
      0.05806451612903226,
      0.06451612903225806,
      0.06451612903225806,
      0.05806451612903226,
      0.05161290322580645,
      0.04516129032258064,
      0.03870967741935484,
      0.03225806451612903
    ]
  },
  "underdrawing": {
    "red": [
      0.07407407407407408,
      0.07407407407407408,
      0.07407407407407408,
      0.07407407407407408,
      0.07407407407407408,
      0.07407407407407408,
      0.07407407407407408,
      0.07407407407407408,
      0.07407407407407408,
      0.07407407407407408,
      0.06481481481481481,
      0.05555555555555556,
      0.0462962962962963,
      0.03703703703703704,
      0.02777777777777778,
      0.01851851851851852,
      0.00925925925925926,
      0,
      0,
      0,
      0,
      0,
      0,
      0,
      0,
      0,
      0,
      0,
      0,
      0,
      0
    ],
    "green": [
      0,
      0,
      0,
      0,
      0,
      0,
      0,
      0,
      0,
      0,
      0,
      0,
      0,
      0,
      0,
      0,
      0,
      0.011235955056179775,
      0.02247191011235955,
      0.033707865168539325,
      0.0449438202247191,
      0.056179775280898875,
      0.06741573033707865,
      0.07865168539325842,
      0.0898876404494382,
      0.10112359550561797,
      0.11235955056179775,
      0.11235955056179775,
      0.10112359550561797,
      0.0898876404494382,
      0.07865168539325842
    ],
    "blue": [
      0,
      0,
      0.009090909090909092,
      0.018181818181818184,
      0.02727272727272727,
      0.03636363636363637,
      0.045454545454545456,
      0.05454545454545454,
      0.06363636363636363,
      0.07272727272727274,
      0.08181818181818182,
      0.09090909090909091,
      0.09090909090909091,
      0.08181818181818182,
      0.07272727272727274,
      0.06363636363636363,
      0.05454545454545454,
      0.045454545454545456,
      0.03636363636363637,
      0.02727272727272727,
      0.018181818181818184,
      0.009090909090909092,
      0,
      0,
      0,
      0,
      0,
      0,
      0,
      0,
      0
    ]
  }
}